{"loss": [115156.8625, 116682.3875, 116052.95], "mae": [324.5573974609375, 327.3552001953125, 326.792919921875]}