{"loss": [67000.5625, 68429.36875, 68522.34375], "mae": [247.0412841796875, 250.360791015625, 250.7923583984375]}