id,target,prediction
POSCAR-Opt-W3C2Se, 532.820007, 0.532536
POSCAR-Opt-Nb3C2F, 221.164001, -3.097589
POSCAR-V3C2, 255.406006, -3.440478
POSCAR-Zr3C2Br2, 354.104004, -3.928707
POSCAR-Ti3C2O2, 285.217010, -9.730659
